﻿<?xml version="1.0" encoding="utf-8"?><results><Result direction="Compress"><FileName>html</FileName><FileBytes>102400</FileBytes><CompressedSize>24138</CompressedSize><Ticks>813192</Ticks><Iterations>25</Iterations></Result><Result direction="Decompress"><FileName>html</FileName><FileBytes>102400</FileBytes><CompressedSize>24138</CompressedSize><Ticks>455446</Ticks><Iterations>25</Iterations></Result><Result direction="Compress"><FileName>urls</FileName><FileBytes>702087</FileBytes><CompressedSize>357289</CompressedSize><Ticks>5205473</Ticks><Iterations>25</Iterations></Result><Result direction="Decompress"><FileName>urls</FileName><FileBytes>702087</FileBytes><CompressedSize>357289</CompressedSize><Ticks>2207829</Ticks><Iterations>25</Iterations></Result><Result direction="Compress"><FileName>jpg</FileName><FileBytes>126958</FileBytes><CompressedSize>126803</CompressedSize><Ticks>85500</Ticks><Iterations>25</Iterations></Result><Result direction="Decompress"><FileName>jpg</FileName><FileBytes>126958</FileBytes><CompressedSize>126803</CompressedSize><Ticks>38450</Ticks><Iterations>25</Iterations></Result><Result direction="Compress"><FileName>pdf</FileName><FileBytes>94330</FileBytes><CompressedSize>77477</CompressedSize><Ticks>211498</Ticks><Iterations>25</Iterations></Result><Result direction="Decompress"><FileName>pdf</FileName><FileBytes>94330</FileBytes><CompressedSize>77477</CompressedSize><Ticks>90029</Ticks><Iterations>25</Iterations></Result><Result direction="Compress"><FileName>html4</FileName><FileBytes>409600</FileBytes><CompressedSize>96479</CompressedSize><Ticks>1749181</Ticks><Iterations>25</Iterations></Result><Result direction="Decompress"><FileName>html4</FileName><FileBytes>409600</FileBytes><CompressedSize>96479</CompressedSize><Ticks>874276</Ticks><Iterations>25</Iterations></Result><Result direction="Compress"><FileName>cp</FileName><FileBytes>24603</FileBytes><CompressedSize>11838</CompressedSize><Ticks>199819</Ticks><Iterations>25</Iterations></Result><Result direction="Decompress"><FileName>cp</FileName><FileBytes>24603</FileBytes><CompressedSize>11838</CompressedSize><Ticks>79369</Ticks><Iterations>25</Iterations></Result><Result direction="Compress"><FileName>c</FileName><FileBytes>11150</FileBytes><CompressedSize>4728</CompressedSize><Ticks>85073</Ticks><Iterations>25</Iterations></Result><Result direction="Decompress"><FileName>c</FileName><FileBytes>11150</FileBytes><CompressedSize>4728</CompressedSize><Ticks>53666</Ticks><Iterations>25</Iterations></Result><Result direction="Compress"><FileName>lsp</FileName><FileBytes>3721</FileBytes><CompressedSize>1800</CompressedSize><Ticks>28748</Ticks><Iterations>25</Iterations></Result><Result direction="Decompress"><FileName>lsp</FileName><FileBytes>3721</FileBytes><CompressedSize>1800</CompressedSize><Ticks>10914</Ticks><Iterations>25</Iterations></Result><Result direction="Compress"><FileName>xls</FileName><FileBytes>1029744</FileBytes><CompressedSize>425735</CompressedSize><Ticks>6240466</Ticks><Iterations>25</Iterations></Result><Result direction="Decompress"><FileName>xls</FileName><FileBytes>1029744</FileBytes><CompressedSize>425735</CompressedSize><Ticks>4061077</Ticks><Iterations>25</Iterations></Result><Result direction="Compress"><FileName>txt1</FileName><FileBytes>152089</FileBytes><CompressedSize>90965</CompressedSize><Ticks>1471323</Ticks><Iterations>25</Iterations></Result><Result direction="Decompress"><FileName>txt1</FileName><FileBytes>152089</FileBytes><CompressedSize>90965</CompressedSize><Ticks>758991</Ticks><Iterations>25</Iterations></Result><Result direction="Compress"><FileName>txt2</FileName><FileBytes>125179</FileBytes><CompressedSize>80207</CompressedSize><Ticks>1281682</Ticks><Iterations>25</Iterations></Result><Result direction="Decompress"><FileName>txt2</FileName><FileBytes>125179</FileBytes><CompressedSize>80207</CompressedSize><Ticks>671255</Ticks><Iterations>25</Iterations></Result><Result direction="Compress"><FileName>txt3</FileName><FileBytes>426754</FileBytes><CompressedSize>243711</CompressedSize><Ticks>3962369</Ticks><Iterations>25</Iterations></Result><Result direction="Decompress"><FileName>txt3</FileName><FileBytes>426754</FileBytes><CompressedSize>243711</CompressedSize><Ticks>1996191</Ticks><Iterations>25</Iterations></Result><Result direction="Compress"><FileName>txt4</FileName><FileBytes>481861</FileBytes><CompressedSize>329339</CompressedSize><Ticks>5171120</Ticks><Iterations>25</Iterations></Result><Result direction="Decompress"><FileName>txt4</FileName><FileBytes>481861</FileBytes><CompressedSize>329339</CompressedSize><Ticks>2734148</Ticks><Iterations>25</Iterations></Result><Result direction="Compress"><FileName>bin</FileName><FileBytes>513216</FileBytes><CompressedSize>93494</CompressedSize><Ticks>1672893</Ticks><Iterations>25</Iterations></Result><Result direction="Decompress"><FileName>bin</FileName><FileBytes>513216</FileBytes><CompressedSize>93494</CompressedSize><Ticks>988089</Ticks><Iterations>25</Iterations></Result><Result direction="Compress"><FileName>sum</FileName><FileBytes>38240</FileBytes><CompressedSize>19840</CompressedSize><Ticks>307148</Ticks><Iterations>25</Iterations></Result><Result direction="Decompress"><FileName>sum</FileName><FileBytes>38240</FileBytes><CompressedSize>19840</CompressedSize><Ticks>139742</Ticks><Iterations>25</Iterations></Result><Result direction="Compress"><FileName>man</FileName><FileBytes>4227</FileBytes><CompressedSize>2509</CompressedSize><Ticks>37369</Ticks><Iterations>25</Iterations></Result><Result direction="Decompress"><FileName>man</FileName><FileBytes>4227</FileBytes><CompressedSize>2509</CompressedSize><Ticks>14522</Ticks><Iterations>25</Iterations></Result><Result direction="Compress"><FileName>pb</FileName><FileBytes>118588</FileBytes><CompressedSize>27474</CompressedSize><Ticks>458208</Ticks><Iterations>25</Iterations></Result><Result direction="Decompress"><FileName>pb</FileName><FileBytes>118588</FileBytes><CompressedSize>27474</CompressedSize><Ticks>218611</Ticks><Iterations>25</Iterations></Result><Result direction="Compress"><FileName>gaviota</FileName><FileBytes>184320</FileBytes><CompressedSize>70535</CompressedSize><Ticks>1240885</Ticks><Iterations>25</Iterations></Result><Result direction="Decompress"><FileName>gaviota</FileName><FileBytes>184320</FileBytes><CompressedSize>70535</CompressedSize><Ticks>771874</Ticks><Iterations>25</Iterations></Result></results>