﻿<?xml version="1.0" encoding="utf-8"?><results><Result direction="Compress"><FileName>html</FileName><FileBytes>102400</FileBytes><CompressedSize>24142</CompressedSize><Ticks>968243</Ticks><Iterations>1000</Iterations></Result><Result direction="Decompress"><FileName>html</FileName><FileBytes>102400</FileBytes><CompressedSize>24142</CompressedSize><Ticks>554876</Ticks><Iterations>1000</Iterations></Result><Result direction="Compress"><FileName>urls</FileName><FileBytes>702087</FileBytes><CompressedSize>357301</CompressedSize><Ticks>12070990</Ticks><Iterations>1000</Iterations></Result><Result direction="Decompress"><FileName>urls</FileName><FileBytes>702087</FileBytes><CompressedSize>357301</CompressedSize><Ticks>5331335</Ticks><Iterations>1000</Iterations></Result><Result direction="Compress"><FileName>jpg</FileName><FileBytes>126958</FileBytes><CompressedSize>126803</CompressedSize><Ticks>201601</Ticks><Iterations>1000</Iterations></Result><Result direction="Decompress"><FileName>jpg</FileName><FileBytes>126958</FileBytes><CompressedSize>126803</CompressedSize><Ticks>90551</Ticks><Iterations>1000</Iterations></Result><Result direction="Compress"><FileName>pdf</FileName><FileBytes>94330</FileBytes><CompressedSize>77477</CompressedSize><Ticks>500350</Ticks><Iterations>1000</Iterations></Result><Result direction="Decompress"><FileName>pdf</FileName><FileBytes>94330</FileBytes><CompressedSize>77477</CompressedSize><Ticks>217245</Ticks><Iterations>1000</Iterations></Result><Result direction="Compress"><FileName>html4</FileName><FileBytes>409600</FileBytes><CompressedSize>96483</CompressedSize><Ticks>3767121</Ticks><Iterations>1000</Iterations></Result><Result direction="Decompress"><FileName>html4</FileName><FileBytes>409600</FileBytes><CompressedSize>96483</CompressedSize><Ticks>2203196</Ticks><Iterations>1000</Iterations></Result><Result direction="Compress"><FileName>cp</FileName><FileBytes>24603</FileBytes><CompressedSize>11838</CompressedSize><Ticks>443003</Ticks><Iterations>1000</Iterations></Result><Result direction="Decompress"><FileName>cp</FileName><FileBytes>24603</FileBytes><CompressedSize>11838</CompressedSize><Ticks>199316</Ticks><Iterations>1000</Iterations></Result><Result direction="Compress"><FileName>c</FileName><FileBytes>11150</FileBytes><CompressedSize>4728</CompressedSize><Ticks>188931</Ticks><Iterations>1000</Iterations></Result><Result direction="Decompress"><FileName>c</FileName><FileBytes>11150</FileBytes><CompressedSize>4728</CompressedSize><Ticks>94256</Ticks><Iterations>1000</Iterations></Result><Result direction="Compress"><FileName>lsp</FileName><FileBytes>3721</FileBytes><CompressedSize>1800</CompressedSize><Ticks>64935</Ticks><Iterations>1000</Iterations></Result><Result direction="Decompress"><FileName>lsp</FileName><FileBytes>3721</FileBytes><CompressedSize>1800</CompressedSize><Ticks>47672</Ticks><Iterations>1000</Iterations></Result><Result direction="Compress"><FileName>xls</FileName><FileBytes>1029744</FileBytes><CompressedSize>425735</CompressedSize><Ticks>14194337</Ticks><Iterations>1000</Iterations></Result><Result direction="Decompress"><FileName>xls</FileName><FileBytes>1029744</FileBytes><CompressedSize>425735</CompressedSize><Ticks>9945767</Ticks><Iterations>1000</Iterations></Result><Result direction="Compress"><FileName>txt1</FileName><FileBytes>152089</FileBytes><CompressedSize>90965</CompressedSize><Ticks>3532378</Ticks><Iterations>1000</Iterations></Result><Result direction="Decompress"><FileName>txt1</FileName><FileBytes>152089</FileBytes><CompressedSize>90965</CompressedSize><Ticks>1931122</Ticks><Iterations>1000</Iterations></Result><Result direction="Compress"><FileName>txt2</FileName><FileBytes>125179</FileBytes><CompressedSize>80207</CompressedSize><Ticks>3090016</Ticks><Iterations>1000</Iterations></Result><Result direction="Decompress"><FileName>txt2</FileName><FileBytes>125179</FileBytes><CompressedSize>80207</CompressedSize><Ticks>1661171</Ticks><Iterations>1000</Iterations></Result><Result direction="Compress"><FileName>txt3</FileName><FileBytes>426754</FileBytes><CompressedSize>243706</CompressedSize><Ticks>9673190</Ticks><Iterations>1000</Iterations></Result><Result direction="Decompress"><FileName>txt3</FileName><FileBytes>426754</FileBytes><CompressedSize>243706</CompressedSize><Ticks>5087728</Ticks><Iterations>1000</Iterations></Result><Result direction="Compress"><FileName>txt4</FileName><FileBytes>481861</FileBytes><CompressedSize>329339</CompressedSize><Ticks>12502173</Ticks><Iterations>1000</Iterations></Result><Result direction="Decompress"><FileName>txt4</FileName><FileBytes>481861</FileBytes><CompressedSize>329339</CompressedSize><Ticks>6940758</Ticks><Iterations>1000</Iterations></Result><Result direction="Compress"><FileName>bin</FileName><FileBytes>513216</FileBytes><CompressedSize>93457</CompressedSize><Ticks>3425462</Ticks><Iterations>1000</Iterations></Result><Result direction="Decompress"><FileName>bin</FileName><FileBytes>513216</FileBytes><CompressedSize>93457</CompressedSize><Ticks>2374399</Ticks><Iterations>1000</Iterations></Result><Result direction="Compress"><FileName>sum</FileName><FileBytes>38240</FileBytes><CompressedSize>19844</CompressedSize><Ticks>730123</Ticks><Iterations>1000</Iterations></Result><Result direction="Decompress"><FileName>sum</FileName><FileBytes>38240</FileBytes><CompressedSize>19844</CompressedSize><Ticks>359286</Ticks><Iterations>1000</Iterations></Result><Result direction="Compress"><FileName>man</FileName><FileBytes>4227</FileBytes><CompressedSize>2509</CompressedSize><Ticks>92746</Ticks><Iterations>1000</Iterations></Result><Result direction="Decompress"><FileName>man</FileName><FileBytes>4227</FileBytes><CompressedSize>2509</CompressedSize><Ticks>37543</Ticks><Iterations>1000</Iterations></Result><Result direction="Compress"><FileName>pb</FileName><FileBytes>118588</FileBytes><CompressedSize>27477</CompressedSize><Ticks>963499</Ticks><Iterations>1000</Iterations></Result><Result direction="Decompress"><FileName>pb</FileName><FileBytes>118588</FileBytes><CompressedSize>27477</CompressedSize><Ticks>544583</Ticks><Iterations>1000</Iterations></Result><Result direction="Compress"><FileName>gaviota</FileName><FileBytes>184320</FileBytes><CompressedSize>70535</CompressedSize><Ticks>2866198</Ticks><Iterations>1000</Iterations></Result><Result direction="Decompress"><FileName>gaviota</FileName><FileBytes>184320</FileBytes><CompressedSize>70535</CompressedSize><Ticks>1875796</Ticks><Iterations>1000</Iterations></Result></results>